{
  "sports_ball": 0.045454545454545456, 
  "toilet": 0.022727272727272728, 
  "parking_meter": 0.022727272727272728, 
  "bicycle": 0.045454545454545456, 
  "kite": 0.045454545454545456, 
  "skis": 0.022727272727272728, 
  "tennis_racket": 0.045454545454545456, 
  "carrot": 0.022727272727272728, 
  "snowboard": 0.022727272727272728, 
  "frisbee": 0.045454545454545456, 
  "motorcycle": 0.045454545454545456, 
  "oven": 0.045454545454545456, 
  "keyboard": 0.045454545454545456, 
  "scissors": 0.045454545454545456, 
  "chair": 0.045454545454545456, 
  "bench": 0.045454545454545456, 
  "mouse": 0.022727272727272728, 
  "airplane": 0.022727272727272728, 
  "boat": 0.045454545454545456, 
  "apple": 0.045454545454545456, 
  "sheep": 0.045454545454545456, 
  "horse": 0.045454545454545456, 
  "clock": 0.045454545454545456, 
  "tv": 0.022727272727272728, 
  "teddy_bear": 0.022727272727272728, 
  "backpack": 0.045454545454545456, 
  "toaster": 0.022727272727272728, 
  "bowl": 0.045454545454545456, 
  "hot_dog": 0.022727272727272728, 
  "microwave": 0.045454545454545456, 
  "couch": 0.045454545454545456, 
  "book": 0.045454545454545456, 
  "potted_plant": 0.045454545454545456, 
  "elephant": 0.022727272727272728, 
  "orange": 0.045454545454545456, 
  "tie": 0.045454545454545456, 
  "baseball_bat": 0.045454545454545456, 
  "banana": 0.045454545454545456, 
  "knife": 0.045454545454545456, 
  "pizza": 0.022727272727272728, 
  "fork": 0.045454545454545456, 
  "sandwich": 0.022727272727272728, 
  "umbrella": 0.045454545454545456, 
  "wine_glass": 0.045454545454545456, 
  "bus": 0.045454545454545456, 
  "hair_drier": 0.022727272727272728, 
  "bear": 0.022727272727272728, 
  "vase": 0.045454545454545456, 
  "toothbrush": 0.022727272727272728, 
  "spoon": 0.022727272727272728, 
  "giraffe": 0.022727272727272728, 
  "sink": 0.045454545454545456, 
  "handbag": 0.045454545454545456, 
  "dining_table": 0.045454545454545456, 
  "traffic_light": 0.045454545454545456, 
  "broccoli": 0.022727272727272728, 
  "refrigerator": 0.045454545454545456, 
  "laptop": 0.045454545454545456, 
  "fire_hydrant": 0.022727272727272728, 
  "remote": 0.045454545454545456, 
  "surfboard": 0.045454545454545456, 
  "cow": 0.045454545454545456, 
  "car": 0.045454545454545456, 
  "cat": 0.022727272727272728, 
  "cup": 0.045454545454545456, 
  "skateboard": 0.022727272727272728, 
  "dog": 0.045454545454545456, 
  "bed": 0.045454545454545456, 
  "bird": 0.022727272727272728, 
  "baseball_glove": 0.022727272727272728, 
  "donut": 0.022727272727272728, 
  "train": 0.045454545454545456, 
  "truck": 0.022727272727272728, 
  "bottle": 0.045454545454545456, 
  "suitcase": 0.022727272727272728, 
  "cake": 0.022727272727272728, 
  "cell_phone": 0.045454545454545456, 
  "stop_sign": 0.022727272727272728, 
  "zebra": 0.022727272727272728
}