{
  "sports_ball": 0.04483430799220273, 
  "toilet": 0.00682261208576998, 
  "parking_meter": 0.010071474983755685, 
  "bicycle": 0.07017543859649122, 
  "kite": 0.014944769330734242, 
  "skis": 0.01364522417153996, 
  "tennis_racket": 0.050032488628979854, 
  "carrot": 0.01364522417153996, 
  "snowboard": 0.008771929824561403, 
  "frisbee": 0.021442495126705652, 
  "motorcycle": 0.02696556205328135, 
  "oven": 0.06075373619233268, 
  "keyboard": 0.024366471734892786, 
  "scissors": 0.018193632228719947, 
  "chair": 0.3138401559454191, 
  "bench": 0.0903183885640026, 
  "mouse": 0.018193632228719947, 
  "airplane": 0.0035737491877842753, 
  "boat": 0.02111760883690708, 
  "apple": 0.021767381416504222, 
  "sheep": 0.005198180636777128, 
  "horse": 0.023391812865497075, 
  "clock": 0.05360623781676413, 
  "tv": 0.07212475633528265, 
  "teddy_bear": 0.024366471734892786, 
  "backpack": 0.10103963612735542, 
  "toaster": 0.003898635477582846, 
  "bowl": 0.13742690058479531, 
  "hot_dog": 0.018193632228719947, 
  "microwave": 0.03151397011046134, 
  "couch": 0.11241065627030539, 
  "book": 0.11468486029889538, 
  "potted_plant": 0.09096816114359974, 
  "elephant": 0.007797270955165692, 
  "orange": 0.023716699155295645, 
  "tie": 0.03151397011046134, 
  "baseball_bat": 0.002599090318388564, 
  "banana": 0.03313840155945419, 
  "knife": 0.11208576998050682, 
  "pizza": 0.06465237166991553, 
  "fork": 0.06530214424951267, 
  "sandwich": 0.03508771929824561, 
  "umbrella": 0.08771929824561403, 
  "wine_glass": 0.07537361923326835, 
  "bus": 0.036062378167641324, 
  "hair_drier": 0.003248862897985705, 
  "bear": 0.0009746588693957114, 
  "vase": 0.03898635477582846, 
  "toothbrush": 0.014294996751137101, 
  "spoon": 0.08057179987004548, 
  "giraffe": 0.0035737491877842753, 
  "sink": 0.04678362573099415, 
  "handbag": 0.142949967511371, 
  "dining_table": 0.2475633528265107, 
  "traffic_light": 0.04061078622482131, 
  "broccoli": 0.008447043534762833, 
  "refrigerator": 0.05328135152696556, 
  "laptop": 0.07764782326185835, 
  "fire_hydrant": 0.01332033788174139, 
  "remote": 0.07894736842105263, 
  "surfboard": 0.007472384665367121, 
  "cow": 0.008447043534762833, 
  "car": 0.15269655620532813, 
  "cat": 0.02696556205328135, 
  "cup": 0.23034437946718647, 
  "skateboard": 0.00649772579597141, 
  "dog": 0.07894736842105263, 
  "bed": 0.06075373619233268, 
  "bird": 0.015919428200129954, 
  "baseball_glove": 0.0022742040285899934, 
  "donut": 0.022742040285899934, 
  "train": 0.011371020142949967, 
  "truck": 0.06205328135152696, 
  "bottle": 0.21507472384665366, 
  "suitcase": 0.03541260558804418, 
  "cake": 0.06855100714749837, 
  "cell_phone": 0.1267056530214425, 
  "stop_sign": 0.01397011046133853, 
  "zebra": 0.0009746588693957114
}