{
  "sports_ball": 0.04678362573099415, 
  "toilet": 0.00649772579597141, 
  "parking_meter": 0.009746588693957114, 
  "bicycle": 0.06595191682910981, 
  "kite": 0.015919428200129954, 
  "skis": 0.01299545159194282, 
  "tennis_racket": 0.0539311241065627, 
  "carrot": 0.014294996751137101, 
  "snowboard": 0.008122157244964262, 
  "frisbee": 0.02014294996751137, 
  "motorcycle": 0.025016244314489927, 
  "oven": 0.056855100714749834, 
  "keyboard": 0.022742040285899934, 
  "scissors": 0.017218973359324236, 
  "chair": 0.31221572449642626, 
  "bench": 0.08414554905782975, 
  "mouse": 0.016894087069525665, 
  "airplane": 0.0035737491877842753, 
  "boat": 0.021767381416504222, 
  "apple": 0.02079272254710851, 
  "sheep": 0.004873294346978557, 
  "horse": 0.022742040285899934, 
  "clock": 0.050357374918778425, 
  "tv": 0.06692657569850552, 
  "teddy_bear": 0.025666016894087068, 
  "backpack": 0.09454191033138401, 
  "toaster": 0.003898635477582846, 
  "bowl": 0.14457439896036386, 
  "hot_dog": 0.016894087069525665, 
  "microwave": 0.029239766081871343, 
  "couch": 0.1101364522417154, 
  "book": 0.10916179337231968, 
  "potted_plant": 0.08674463937621832, 
  "elephant": 0.007472384665367121, 
  "orange": 0.022417153996101363, 
  "tie": 0.029889538661468484, 
  "baseball_bat": 0.002599090318388564, 
  "banana": 0.03216374269005848, 
  "knife": 0.11371020142949967, 
  "pizza": 0.06042884990253411, 
  "fork": 0.0705003248862898, 
  "sandwich": 0.03476283300844704, 
  "umbrella": 0.08317089018843404, 
  "wine_glass": 0.08089668615984405, 
  "bus": 0.036387264457439894, 
  "hair_drier": 0.003248862897985705, 
  "bear": 0.0009746588693957114, 
  "vase": 0.04158544509421702, 
  "toothbrush": 0.01364522417153996, 
  "spoon": 0.0847953216374269, 
  "giraffe": 0.0035737491877842753, 
  "sink": 0.04678362573099415, 
  "handbag": 0.15432098765432098, 
  "dining_table": 0.2524366471734893, 
  "traffic_light": 0.03898635477582846, 
  "broccoli": 0.009096816114359974, 
  "refrigerator": 0.04938271604938271, 
  "laptop": 0.07277452891487979, 
  "fire_hydrant": 0.01364522417153996, 
  "remote": 0.07407407407407407, 
  "surfboard": 0.007472384665367121, 
  "cow": 0.008122157244964262, 
  "car": 0.14684860298895386, 
  "cat": 0.02696556205328135, 
  "cup": 0.21962313190383365, 
  "skateboard": 0.006172839506172839, 
  "dog": 0.07667316439246263, 
  "bed": 0.06107862248213125, 
  "bird": 0.015594541910331383, 
  "baseball_glove": 0.0022742040285899934, 
  "donut": 0.02111760883690708, 
  "train": 0.011371020142949967, 
  "truck": 0.06010396361273554, 
  "bottle": 0.20175438596491227, 
  "suitcase": 0.037037037037037035, 
  "cake": 0.0737491877842755, 
  "cell_phone": 0.11760883690708251, 
  "stop_sign": 0.01332033788174139, 
  "zebra": 0.0009746588693957114
}