{
  "sports_ball": 0.037275064267352186, 
  "toilet": 0.010579394898160965, 
  "parking_meter": 0.006130116669962428, 
  "bicycle": 0.03243029464109155, 
  "kite": 0.03559422582558829, 
  "skis": 0.04874431481115286, 
  "tennis_racket": 0.04182321534506624, 
  "carrot": 0.004745896776745106, 
  "snowboard": 0.04755784061696658, 
  "frisbee": 0.042416452442159386, 
  "motorcycle": 0.039450266956693694, 
  "oven": 0.02214751829147716, 
  "keyboard": 0.015028673126359502, 
  "scissors": 0.008997429305912597, 
  "chair": 0.047063476369388964, 
  "bench": 0.035396480126557245, 
  "mouse": 0.010579394898160965, 
  "airplane": 0.010480522048645443, 
  "boat": 0.030255091951750048, 
  "apple": 0.008008700810757366, 
  "sheep": 0.009096302155428119, 
  "horse": 0.038461538461538464, 
  "clock": 0.026201305121613606, 
  "tv": 0.0317381846944829, 
  "teddy_bear": 0.008404192208819458, 
  "backpack": 0.039648012655724735, 
  "toaster": 0.0013842198932173225, 
  "bowl": 0.033023531738184696, 
  "hot_dog": 0.012952343286533517, 
  "microwave": 0.010974886296223058, 
  "couch": 0.02995847340320348, 
  "book": 0.03183705754399842, 
  "potted_plant": 0.025608068024520467, 
  "elephant": 0.021059916946806406, 
  "orange": 0.0072177180146331815, 
  "tie": 0.04874431481115286, 
  "baseball_bat": 0.037373937116867706, 
  "banana": 0.017599367213763102, 
  "knife": 0.02896974490804825, 
  "pizza": 0.020268934150682223, 
  "fork": 0.016116274471030256, 
  "sandwich": 0.013842198932173226, 
  "umbrella": 0.030255091951750048, 
  "wine_glass": 0.018686968558433853, 
  "bus": 0.023828356733241053, 
  "hair_drier": 0.0009887284951552303, 
  "bear": 0.0022740755388570297, 
  "vase": 0.012260233339924856, 
  "toothbrush": 0.011469250543800673, 
  "spoon": 0.01947795135455804, 
  "giraffe": 0.005932370970931382, 
  "sink": 0.02046667984971327, 
  "handbag": 0.03707731856832114, 
  "dining_table": 0.043701799485861184, 
  "traffic_light": 0.02313624678663239, 
  "broccoli": 0.002669566936919122, 
  "refrigerator": 0.017994858611825194, 
  "laptop": 0.030353964801265572, 
  "fire_hydrant": 0.011963614791378287, 
  "remote": 0.03272691318963813, 
  "surfboard": 0.04874431481115286, 
  "cow": 0.014534308878781887, 
  "car": 0.047063476369388964, 
  "cat": 0.012260233339924856, 
  "cup": 0.04310856238876804, 
  "skateboard": 0.04884318766066838, 
  "dog": 0.032133676092544985, 
  "bed": 0.02155428119438402, 
  "bird": 0.014633181728297409, 
  "baseball_glove": 0.041625469646035196, 
  "donut": 0.01562191022345264, 
  "train": 0.017698240063278622, 
  "truck": 0.033122404587700216, 
  "bottle": 0.04459165513150089, 
  "suitcase": 0.02372948388372553, 
  "cake": 0.018686968558433853, 
  "cell_phone": 0.04459165513150089, 
  "stop_sign": 0.010876013446707534, 
  "zebra": 0.0016808384417638916
}