{
  "sports_ball": 0.057286807240156744, 
  "toilet": 0.008397089009143497, 
  "parking_meter": 0.006717671207314798, 
  "bicycle": 0.040492629221869754, 
  "kite": 0.029483112520992723, 
  "skis": 0.04609068856129875, 
  "tennis_racket": 0.0921813771225975, 
  "carrot": 0.009330098899048329, 
  "snowboard": 0.01156932263481993, 
  "frisbee": 0.02799029669714499, 
  "motorcycle": 0.02407165515954469, 
  "oven": 0.033215152080612056, 
  "keyboard": 0.012875536480686695, 
  "scissors": 0.013808546370591528, 
  "chair": 0.10039186415376003, 
  "bench": 0.057286807240156744, 
  "mouse": 0.009330098899048329, 
  "airplane": 0.004851651427505131, 
  "boat": 0.017167381974248927, 
  "apple": 0.013062138458667662, 
  "sheep": 0.005598059339428998, 
  "horse": 0.040306027243888785, 
  "clock": 0.02855010263108789, 
  "tv": 0.037133793618212355, 
  "teddy_bear": 0.02743049076320209, 
  "backpack": 0.05710020526217578, 
  "toaster": 0.0022392237357715993, 
  "bowl": 0.06512409031535735, 
  "hot_dog": 0.013621944392610563, 
  "microwave": 0.016980779996267962, 
  "couch": 0.057286807240156744, 
  "book": 0.05430117559246128, 
  "potted_plant": 0.044597872737451014, 
  "elephant": 0.010636312744915097, 
  "orange": 0.013621944392610563, 
  "tie": 0.029296510543011755, 
  "baseball_bat": 0.008583690987124463, 
  "banana": 0.025004665049449523, 
  "knife": 0.050755738010822914, 
  "pizza": 0.030229520432916587, 
  "fork": 0.034148161970516885, 
  "sandwich": 0.019593207688001494, 
  "umbrella": 0.062325060645642846, 
  "wine_glass": 0.036573987684269456, 
  "bus": 0.02313864526963986, 
  "hair_drier": 0.005971263295390931, 
  "bear": 0.001866019779809666, 
  "vase": 0.02575107296137339, 
  "toothbrush": 0.015487964172420227, 
  "spoon": 0.03899981339802202, 
  "giraffe": 0.011382720656838962, 
  "sink": 0.03564097779436462, 
  "handbag": 0.10375069975741742, 
  "dining_table": 0.08341108415749207, 
  "traffic_light": 0.02257883933569696, 
  "broccoli": 0.006717671207314798, 
  "refrigerator": 0.028363500653106923, 
  "laptop": 0.03974622130994589, 
  "fire_hydrant": 0.010076506810972196, 
  "remote": 0.04235864900167942, 
  "surfboard": 0.040679231199850716, 
  "cow": 0.009330098899048329, 
  "car": 0.08023885053181563, 
  "cat": 0.021645829445792124, 
  "cup": 0.08098525844373951, 
  "skateboard": 0.010822914722896062, 
  "dog": 0.04926292218697518, 
  "bed": 0.04534428064937488, 
  "bird": 0.011942526590781863, 
  "baseball_glove": 0.006344467251352864, 
  "donut": 0.017167381974248927, 
  "train": 0.011196118678857996, 
  "truck": 0.034334763948497854, 
  "bottle": 0.08061205448777757, 
  "suitcase": 0.03078932636685949, 
  "cake": 0.03676058966225042, 
  "cell_phone": 0.07426758723642471, 
  "stop_sign": 0.008397089009143497, 
  "zebra": 0.0014928158238477329
}