{
  "sports_ball": 0.02219178082191781, 
  "toilet": 0.02054794520547945, 
  "parking_meter": 0.01452054794520548, 
  "bicycle": 0.02219178082191781, 
  "kite": 0.023561643835616437, 
  "skis": 0.023561643835616437, 
  "tennis_racket": 0.023561643835616437, 
  "carrot": 0.012054794520547946, 
  "snowboard": 0.023561643835616437, 
  "frisbee": 0.023561643835616437, 
  "motorcycle": 0.023561643835616437, 
  "oven": 0.023013698630136987, 
  "keyboard": 0.019726027397260273, 
  "scissors": 0.018904109589041096, 
  "chair": 0.023835616438356164, 
  "bench": 0.023561643835616437, 
  "mouse": 0.016712328767123287, 
  "airplane": 0.020821917808219178, 
  "boat": 0.023561643835616437, 
  "apple": 0.016164383561643837, 
  "sheep": 0.019452054794520546, 
  "horse": 0.023561643835616437, 
  "clock": 0.022465753424657533, 
  "tv": 0.02273972602739726, 
  "teddy_bear": 0.01780821917808219, 
  "backpack": 0.023287671232876714, 
  "toaster": 0.0038356164383561643, 
  "bowl": 0.02273972602739726, 
  "hot_dog": 0.021095890410958905, 
  "microwave": 0.017534246575342465, 
  "couch": 0.021095890410958905, 
  "book": 0.021643835616438355, 
  "potted_plant": 0.021095890410958905, 
  "elephant": 0.023561643835616437, 
  "orange": 0.016712328767123287, 
  "tie": 0.023835616438356164, 
  "baseball_bat": 0.023561643835616437, 
  "banana": 0.023561643835616437, 
  "knife": 0.021917808219178082, 
  "pizza": 0.021095890410958905, 
  "fork": 0.01808219178082192, 
  "sandwich": 0.019726027397260273, 
  "umbrella": 0.022465753424657533, 
  "wine_glass": 0.020273972602739727, 
  "bus": 0.021095890410958905, 
  "hair_drier": 0.0027397260273972603, 
  "bear": 0.006301369863013699, 
  "vase": 0.01726027397260274, 
  "toothbrush": 0.021643835616438355, 
  "spoon": 0.018356164383561645, 
  "giraffe": 0.01643835616438356, 
  "sink": 0.021917808219178082, 
  "handbag": 0.022465753424657533, 
  "dining_table": 0.02410958904109589, 
  "traffic_light": 0.02054794520547945, 
  "broccoli": 0.0073972602739726025, 
  "refrigerator": 0.02054794520547945, 
  "laptop": 0.023013698630136987, 
  "fire_hydrant": 0.019178082191780823, 
  "remote": 0.023561643835616437, 
  "surfboard": 0.023835616438356164, 
  "cow": 0.020821917808219178, 
  "car": 0.024657534246575342, 
  "cat": 0.020273972602739727, 
  "cup": 0.023287671232876714, 
  "skateboard": 0.023835616438356164, 
  "dog": 0.02219178082191781, 
  "bed": 0.02219178082191781, 
  "bird": 0.02054794520547945, 
  "baseball_glove": 0.023561643835616437, 
  "donut": 0.021917808219178082, 
  "train": 0.021917808219178082, 
  "truck": 0.023561643835616437, 
  "bottle": 0.023561643835616437, 
  "suitcase": 0.021095890410958905, 
  "cake": 0.02, 
  "cell_phone": 0.023561643835616437, 
  "stop_sign": 0.01780821917808219, 
  "zebra": 0.004657534246575342
}