{
  "sports_ball": 0.029856687898089172, 
  "toilet": 0.017914012738853503, 
  "parking_meter": 0.010350318471337579, 
  "bicycle": 0.030254777070063694, 
  "kite": 0.03423566878980892, 
  "skis": 0.03423566878980892, 
  "tennis_racket": 0.03463375796178344, 
  "carrot": 0.014331210191082803, 
  "snowboard": 0.02308917197452229, 
  "frisbee": 0.032245222929936306, 
  "motorcycle": 0.02786624203821656, 
  "oven": 0.030652866242038217, 
  "keyboard": 0.020700636942675158, 
  "scissors": 0.02109872611464968, 
  "chair": 0.03901273885350318, 
  "bench": 0.03423566878980892, 
  "mouse": 0.016321656050955414, 
  "airplane": 0.010350318471337579, 
  "boat": 0.026671974522292995, 
  "apple": 0.021496815286624203, 
  "sheep": 0.011544585987261146, 
  "horse": 0.03423566878980892, 
  "clock": 0.029856687898089172, 
  "tv": 0.03105095541401274, 
  "teddy_bear": 0.029856687898089172, 
  "backpack": 0.03463375796178344, 
  "toaster": 0.004777070063694267, 
  "bowl": 0.03702229299363057, 
  "hot_dog": 0.01950636942675159, 
  "microwave": 0.021496815286624203, 
  "couch": 0.032245222929936306, 
  "book": 0.03144904458598726, 
  "potted_plant": 0.030652866242038217, 
  "elephant": 0.019904458598726114, 
  "orange": 0.019904458598726114, 
  "tie": 0.03304140127388535, 
  "baseball_bat": 0.018312101910828025, 
  "banana": 0.032245222929936306, 
  "knife": 0.033837579617834394, 
  "pizza": 0.026671974522292995, 
  "fork": 0.023487261146496817, 
  "sandwich": 0.02428343949044586, 
  "umbrella": 0.03423566878980892, 
  "wine_glass": 0.026671974522292995, 
  "bus": 0.02308917197452229, 
  "hair_drier": 0.012738853503184714, 
  "bear": 0.003980891719745223, 
  "vase": 0.02587579617834395, 
  "toothbrush": 0.025477707006369428, 
  "spoon": 0.028264331210191083, 
  "giraffe": 0.02109872611464968, 
  "sink": 0.03264331210191083, 
  "handbag": 0.04339171974522293, 
  "dining_table": 0.037818471337579616, 
  "traffic_light": 0.02308917197452229, 
  "broccoli": 0.011544585987261146, 
  "refrigerator": 0.026671974522292995, 
  "laptop": 0.029856687898089172, 
  "fire_hydrant": 0.01393312101910828, 
  "remote": 0.03184713375796178, 
  "surfboard": 0.03423566878980892, 
  "cow": 0.01751592356687898, 
  "car": 0.041003184713375794, 
  "cat": 0.028662420382165606, 
  "cup": 0.037818471337579616, 
  "skateboard": 0.020302547770700636, 
  "dog": 0.03343949044585987, 
  "bed": 0.03423566878980892, 
  "bird": 0.020700636942675158, 
  "baseball_glove": 0.013136942675159236, 
  "donut": 0.02308917197452229, 
  "train": 0.018312101910828025, 
  "truck": 0.028264331210191083, 
  "bottle": 0.037818471337579616, 
  "suitcase": 0.027070063694267517, 
  "cake": 0.02786624203821656, 
  "cell_phone": 0.03463375796178344, 
  "stop_sign": 0.012738853503184714, 
  "zebra": 0.0031847133757961785
}